{"time":{"..\/nodes\/TRANSELECTRIC.xlsx":1585861309.8347606659,"ADELCA.xlsx":1580308791.8748066425,"TRANSELECTRIC.xlsx":1585861309.8347606659,"Transelectric.xlsx":1580826591.470621109,"master.xlsx":1580760941.4344277382,"nodo1.xlsx":1580763854.9893221855,"nodo2.xlsx":1580763874.7956402302,"nodo3.xlsx":1580763893.0604658127}}